name	source	source_url	original_measurement	original_algorithm	derivation	comparison_limit	catalog_n	globally_exclusive_n
GZMK40	Sievers et al 2026	https://doi.org/10.1038/s41698-026-01437-7	Pretreatment HNSCC CD8 T-cell discovery; bulk tumour and T-cell pseudobulk evaluation	R GSVA ssGSEA; 40 upregulated genes from GZMK-positive exhausted CD8 states	Not derived from another set in this catalog	Algorithm class matched; normalization and assay-specific equivalence not asserted	40	20
CYT2	Rooney et al 2015	https://doi.org/10.1016/j.cell.2014.12.033	Bulk tumour RNA-seq across TCGA cancers	Geometric mean / log-average of GZMA and PRF1 TPM	Two genes also occur in other sets	Uniform ssGSEA is not the original CYT calculation	2	0
EXH5	Operational comparator in Sievers et al 2026; cites Wherry et al 2007	https://doi.org/10.1038/s41698-026-01437-7	Five inhibitory-receptor transcripts; original exhaustion biology not a validated five-gene HNSCC predictor	Five-gene comparator evaluated in the Sievers scoring framework	PDCD1 CTLA4 LAG3 HAVCR2 TIGIT; overlapping receptors	Existing manuscript Wang 2024 citation is not the direct provenance of this exact panel	5	1
IFNG6	Ayers et al 2017	https://doi.org/10.1172/JCI91190	Pretreatment FFPE tumour NanoString; melanoma discovery and HNSCC/gastric evaluation	Mean log10 expression after quantile normalization for six IFN-gamma genes	Shares genes with GEP18; not a subset of GEP18	ssGSEA is a gene-set comparison, not reproduction of the assay score	6	2
TLS9	Nine TLS-related markers as listed by Sievers 2026; related marker panel in van Dijk 2020	https://doi.org/10.1038/s41698-026-01437-7 ; https://doi.org/10.1038/s41591-020-1085-z	Tumour expression marker panel associated with TLS; tissue architecture requires separate assessment	NABUCCO extended data uses average expression of nine TLS-related genes; Sievers uses gene-set scoring	Not the same membership as the separately derived melanoma TLS nine-gene set	Do not treat TLS9 as a validated TLS architecture classifier; direct Cabrita derivation of this exact panel remains a provenance distinction	9	8
GEP18	Ayers et al 2017	https://doi.org/10.1172/JCI91190	Pretreatment FFPE tumour NanoString across advanced cancers	Elastic-net-selected 18 genes; weighted sum of housekeeping-normalized values	Distinct from the paper's other expanded 18-gene immune panel	No original coefficients or housekeeping assay normalization reconstructed	18	10
Korea30	Cha et al 2025	https://doi.org/10.1016/j.xcrm.2025.102408	Pretreatment tumour-reactive CXCL13-positive CD8 exhausted T cells	Top 30 genes ranked by network centrality among responder-enriched network genes; paper reports GSVA signature evaluation	Derived from responder network, not independent of its discovery outcome	Exact original numerical scoring settings not reconstructed; deposited CSTW retained without assumed CTSW substitution	30	16
Dysf238	van der Leun et al 2023	https://doi.org/10.1158/2159-8290.CD-22-0851	Intratumoral dysfunctional CD8 T cells in IMCISION before/after dual ICB	Monocle3 trajectory positively associated genes; AUCell single-cell enrichment unless otherwise stated	Parent set of Shared84	Trajectory state signature, not an original weighted clinical predictor	238	136
Shared84	van der Leun et al 2023	https://doi.org/10.1158/2159-8290.CD-22-0851	Treg and dysfunctional CD8 T-cell trajectories in IMCISION	Intersection of Dysf238 and Treg372; AUCell enrichment framework	84-gene intersection, not independently selected ninth signature	Exclude from main independence-sensitive comparisons; retain diagnostic sensitivity	84	0
