target	design	reference	n	partial_r	ci_low	ci_high	p	primary	q
GZMK40	other_PC1	CD3_IHC	83	-0.02802976340249744	-0.26092570413259575	0.20108619683960519	0.8026084031264071	True	0.9172667464301796
GZMK40	other_PC1	CD45_protein	108	0.29548665455537537	0.08394508473339284	0.47738219429735124	0.0020019546610551106	True	0.008007818644220442
GZMK40	other_PC1	IFN_protein	108	-0.3098113756952021	-0.4751305449788223	-0.08236261344269784	0.0011648085938005598	True	0.0023296171876011195
GZMK40	other_PC1	IFN_protein_adjusted_CD3_CD45	83	-0.30329845453339116	-0.476348654357709	-0.017864872554906625	0.006241299813767419	True	0.012482599627534839
GZMK40	target_gene_disjoint_PC1	CD3_IHC	83	-0.0027443584272932972	-0.22536191900238084	0.21802428850091235	0.9804779135388019	True	0.9804779135388019
GZMK40	target_gene_disjoint_PC1	CD45_protein	108	0.32007407695762125	0.10683744404682875	0.514071491857837	0.0007770149607108116	True	0.0031080598428432464
GZMK40	target_gene_disjoint_PC1	IFN_protein	108	-0.26890434467995844	-0.44982094683221086	-0.021138082172210505	0.005099534785950917	True	0.013598759429202446
GZMK40	target_gene_disjoint_PC1	IFN_protein_adjusted_CD3_CD45	83	-0.25422654133372924	-0.44214187861177134	0.042113669179488604	0.022869328561345152	True	0.060984876163587075
CYT2	other_PC1	CD3_IHC	83	-0.17226190709958078	-0.3750612908976484	0.06979212858366042	0.1217321893161552	True	0.4869287572646208
CYT2	other_PC1	CD45_protein	108	-0.14048777902940573	-0.3330852219754211	0.11649882986480481	0.14893127912338774	True	0.19857503883118366
CYT2	other_PC1	IFN_protein	108	0.08144900033399909	-0.09956006687685055	0.3222543614752889	0.4042775378750788	True	0.4620314718572329
CYT2	other_PC1	IFN_protein_adjusted_CD3_CD45	83	0.18030513550906274	-0.023938358019016438	0.44793346490143127	0.10949576542963904	True	0.1459943539061854
CYT2	target_gene_disjoint_PC1	CD3_IHC	83	-0.1666614352910508	-0.38181845098319905	0.06403480838855657	0.134522779305471	True	0.37122806498932454
CYT2	target_gene_disjoint_PC1	CD45_protein	108	-0.12460551916248311	-0.3257704320519429	0.11894394525900032	0.20097432100661647	True	0.2679657613421553
CYT2	target_gene_disjoint_PC1	IFN_protein	108	0.10533722411216487	-0.08269173584620254	0.3211229973266546	0.28021965033063345	True	0.32025102894929536
CYT2	target_gene_disjoint_PC1	IFN_protein_adjusted_CD3_CD45	83	0.2057464026303036	-0.011597249078939682	0.44697510935206325	0.06711085954479531	True	0.13422171908959063
EXH5	other_PC1	CD3_IHC	83	-0.03779594537047517	-0.2297194355009473	0.20755555596106043	0.736024153842236	True	0.9172667464301796
EXH5	other_PC1	CD45_protein	108	0.19608123779149184	-0.00872172764094008	0.4158564544082287	0.04295459874517151	True	0.06872735799227442
EXH5	other_PC1	IFN_protein	108	0.020758209366280263	-0.19249159963657628	0.2519189161181632	0.8319311961969156	True	0.8319311961969156
EXH5	other_PC1	IFN_protein_adjusted_CD3_CD45	83	-0.002947840458496499	-0.23073883414865076	0.2576180572907809	0.9792961264908897	True	0.9792961264908897
EXH5	target_gene_disjoint_PC1	CD3_IHC	83	0.00406764802164549	-0.20245797407873511	0.24086596277818742	0.9710680384685496	True	0.9804779135388019
EXH5	target_gene_disjoint_PC1	CD45_protein	108	0.2085027816841533	0.00022437246334441134	0.42705750466893305	0.03114749971326933	True	0.06229499942653866
EXH5	target_gene_disjoint_PC1	IFN_protein	108	0.0476268902288185	-0.14833137996002557	0.29660891096781783	0.6261545323118274	True	0.6261545323118274
EXH5	target_gene_disjoint_PC1	IFN_protein_adjusted_CD3_CD45	83	0.011245317124886377	-0.19177457528382974	0.3007660439577853	0.9211372514509518	True	0.9211372514509518
IFNG6	other_PC1	CD3_IHC	83	-0.045504108453610734	-0.24147477389249974	0.1968944945872574	0.6847854049116461	True	0.9172667464301796
IFNG6	other_PC1	CD45_protein	108	-0.21094811711819605	-0.4312374689356001	0.04988251761452587	0.029180430927323385	True	0.05836086185464677
IFNG6	other_PC1	IFN_protein	108	0.6288174260499546	0.4479120860215476	0.7483296581940172	4.096693850131126e-13	True	3.2773550801049008e-12
IFNG6	other_PC1	IFN_protein_adjusted_CD3_CD45	83	0.5938176997357029	0.3479613432477865	0.7476078103120797	6.406343295226358e-09	True	5.125074636181086e-08
IFNG6	target_gene_disjoint_PC1	CD3_IHC	83	-0.028283061608762202	-0.24132934853360738	0.21546553998997353	0.8008612665162321	True	0.9804779135388019
IFNG6	target_gene_disjoint_PC1	CD45_protein	108	-0.19502387642568658	-0.42287727581971135	0.08994785057953121	0.04411243620688238	True	0.0705798979310118
IFNG6	target_gene_disjoint_PC1	IFN_protein	108	0.6422313146797485	0.4719326202626822	0.7507857554087779	8.942106987989176e-14	True	7.153685590391341e-13
IFNG6	target_gene_disjoint_PC1	IFN_protein_adjusted_CD3_CD45	83	0.6089265271212888	0.36501021844312936	0.7500757656645212	2.0613175288234473e-09	True	1.6490540230587578e-08
TLS9	other_PC1	CD3_IHC	83	0.12009916767499443	-0.0932818851759419	0.33881344648407036	0.2824893367405382	True	0.5649786734810764
TLS9	other_PC1	CD45_protein	108	0.3270655240224371	0.12481021068043627	0.5001169138161415	0.0005848768077668141	True	0.0046790144621345125
TLS9	other_PC1	IFN_protein	108	-0.21939015405378384	-0.37557878143095563	-0.01738569731817417	0.023179058302034226	True	0.037086493283254765
TLS9	other_PC1	IFN_protein_adjusted_CD3_CD45	83	-0.19239985541694474	-0.3738729369752416	0.07881928852487576	0.0873015865844398	True	0.13968253853510368
TLS9	target_gene_disjoint_PC1	CD3_IHC	83	0.12442211231505386	-0.10913825508977014	0.3484350102977072	0.2653960884953758	True	0.5307921769907517
TLS9	target_gene_disjoint_PC1	CD45_protein	108	0.3320661938543439	0.13737316115392795	0.515105543163464	0.00047535071151778103	True	0.0031080598428432464
TLS9	target_gene_disjoint_PC1	IFN_protein	108	-0.20831448015540582	-0.3635138377034752	-0.005819664965442394	0.0313035162134938	True	0.041738021617991734
TLS9	target_gene_disjoint_PC1	IFN_protein_adjusted_CD3_CD45	83	-0.17937651389863876	-0.36507125139336727	0.07083018095178856	0.11136582560099192	True	0.17818532096158707
GEP18	other_PC1	CD3_IHC	83	0.1336414255239336	-0.10996953939037503	0.37003254502499844	0.23131668142923725	True	0.5649786734810764
GEP18	other_PC1	CD45_protein	108	-0.06822173074319023	-0.27306669204000467	0.1910415813775759	0.48504184295988484	True	0.554333534811297
GEP18	other_PC1	IFN_protein	108	0.49214411278655157	0.3067983769896184	0.638994015458661	7.290603594836388e-08	True	2.916241437934555e-07
GEP18	other_PC1	IFN_protein_adjusted_CD3_CD45	83	0.4750034212774594	0.24513180497894052	0.6594974981366495	8.508171625067658e-06	True	3.4032686500270634e-05
GEP18	target_gene_disjoint_PC1	CD3_IHC	83	0.1647102635003727	-0.07376602516286193	0.38047973792545803	0.1392105243709967	True	0.37122806498932454
GEP18	target_gene_disjoint_PC1	CD45_protein	108	-0.03436926010823969	-0.24230373812243736	0.20932313220074591	0.725253397231896	True	0.725253397231896
GEP18	target_gene_disjoint_PC1	IFN_protein	108	0.5113871372494588	0.324564674822203	0.637311926998633	1.8140243951652684e-08	True	7.256097580661073e-08
GEP18	target_gene_disjoint_PC1	IFN_protein_adjusted_CD3_CD45	83	0.5137759974063226	0.28937862752239374	0.6569647230226265	1.0932554223083588e-06	True	4.373021689233435e-06
Korea30	other_PC1	CD3_IHC	83	0.173691495033823	-0.04090297708232736	0.38060820460283334	0.11862175611546588	True	0.4869287572646208
Korea30	other_PC1	CD45_protein	108	0.2329935171037262	0.017116595545569435	0.45152617138147233	0.015729439787583246	True	0.04194517276688866
Korea30	other_PC1	IFN_protein	108	-0.4446200817816257	-0.5869153712769882	-0.18854610137968128	1.6040094084535076e-06	True	4.277358422542687e-06
Korea30	other_PC1	IFN_protein_adjusted_CD3_CD45	83	-0.3156193374689355	-0.5069175504458516	0.011735984964798293	0.004346746401330288	True	0.011591323736880767
Korea30	target_gene_disjoint_PC1	CD3_IHC	83	0.22432849980080857	0.007113851233525124	0.40763208534164774	0.04275490149165044	True	0.3420392119332035
Korea30	target_gene_disjoint_PC1	CD45_protein	108	0.25330147721977814	0.0512689693107459	0.44708622685680044	0.008476549917278054	True	0.022604133112741478
Korea30	target_gene_disjoint_PC1	IFN_protein	108	-0.20931066198956078	-0.3897916535237461	0.04976895688442947	0.030485576866262895	True	0.041738021617991734
Korea30	target_gene_disjoint_PC1	IFN_protein_adjusted_CD3_CD45	83	-0.08557403171213125	-0.3210510324108046	0.21096765119537333	0.45040670488363965	True	0.5147505198670167
Dysf238	other_PC1	CD3_IHC	83	0.005415260310596034	-0.2198466390026757	0.25384369056458767	0.9614892729681758	True	0.9614892729681758
Dysf238	other_PC1	CD45_protein	108	-0.007087411821595663	-0.1659499661256158	0.21905932161653377	0.9422417548592684	True	0.9422417548592684
Dysf238	other_PC1	IFN_protein	108	0.15493355681378232	-0.05317897449935577	0.3896166820001225	0.11105723739206029	True	0.14807631652274705
Dysf238	other_PC1	IFN_protein_adjusted_CD3_CD45	83	-0.025243887837343288	-0.23600954184066245	0.2663121752701792	0.8241036869594195	True	0.9418327850964794
Dysf238	target_gene_disjoint_PC1	CD3_IHC	83	0.049774991595625706	-0.17516631431432736	0.28485054080729844	0.6569792777256899	True	0.9804779135388019
Dysf238	target_gene_disjoint_PC1	CD45_protein	108	0.10208786773248257	-0.07385904278385483	0.31443652514248754	0.29540482405030566	True	0.3376055132003493
Dysf238	target_gene_disjoint_PC1	IFN_protein	108	0.22379667587360422	-0.018066460674676644	0.43758225840508147	0.020489902171237445	True	0.04097980434247489
Dysf238	target_gene_disjoint_PC1	IFN_protein_adjusted_CD3_CD45	83	0.11916888011121031	-0.14522878612844642	0.387798664311857	0.29240477050371066	True	0.3898730273382809
Shared84	other_PC1	CD3_IHC	83	-0.11075776346187755	-0.3078092686020903	0.14319660135177242	0.321876616098253	False	
Shared84	other_PC1	CD45_protein	108	0.02659175045958697	-0.19396483817260413	0.2656822991072813	0.7857108457782624	False	
Shared84	other_PC1	IFN_protein	108	0.012626218700499077	-0.1899857888702305	0.24027322705378099	0.8972961568770821	False	
Shared84	other_PC1	IFN_protein_adjusted_CD3_CD45	83	-0.10969239029260774	-0.28793606428506174	0.14194720692704996	0.33274277798708246	False	
Shared84	target_gene_disjoint_PC1	CD3_IHC	83	-0.05163871476134646	-0.2642788850575883	0.19736696302891404	0.6449870495807247	False	
Shared84	target_gene_disjoint_PC1	CD45_protein	108	0.10445735007805138	-0.130515177560293	0.33406571596152496	0.28427896367919825	False	
Shared84	target_gene_disjoint_PC1	IFN_protein	108	0.05618198808422484	-0.15892137939937004	0.29891964573802937	0.5654405290218938	False	
Shared84	target_gene_disjoint_PC1	IFN_protein_adjusted_CD3_CD45	83	-0.06905593706147933	-0.24786141094279063	0.19090878627265684	0.5427489165034842	False	
