file	sha256
config/biological_replication_20260917.json	97f1627a30a13a3b7a12fca2ceb7cba9f926d00a8c22e3c7bf648b48d65e3bbd
config/biological_specificity_20260917.json	f6c5ed0f59b4620e6e9d1a6cb88f53825f0df02ce91fb971cc2674d9eff54ddb
config/independent_ifng6_20260918.json	5c0f6564ee40981e417820e5dcc3b26174aea25fa7ef84150c04f0f114dbc7ad
config/independent_validation_protocol_20260915.json	676c9439ab7cb66211002ff79d76a5d39b713b456efc98b6310f0e727037da0f
config/puram_lineage_specificity_20260917.json	1bf7c78d5d88ebad41f374c30c86663f40ea039d73cedc8f66d20db0792adab9
config/signature_composition_revision_20260915.json	4211dbc0794bf0aea35064ea283068bde8e00ac30e7b2d7c78a2f4e0af607304
reproducibility/README_extension_20260918.md	35a267fa19ce943759569f8914d8b9ecd322ee4db68c87f58760cb56af3a6487
reproducibility/download_manifest.json	51c927098f76d851943dbc29e06023188ba3cfbc78ebb9e0ffa46e88b6eba26d
reproducibility/input_file_versions.json	2f07e1bf47563b49d74f69ac4c13fd89d7bb06dc6b1935e36bd5eba245015472
reproducibility/replication_downloads.json	dde07c136b57e4c19c4a4cc4031e0458baa95182e0c42f781323561f5361ef12
reproducibility/software_versions.json	d3413f8e190048e4475aef7c5b6b559ec42c933f1dfaefd5c7de3a10f6acc523
results/biological_specificity_20260917/all_other_scores_sensitivity.tsv	90a04abb71de7ceb2af8e510645773b1e206c49bb6d6a52c81a45e547fdfc87e
results/biological_specificity_20260917/clinical_constant_baseline_audit.tsv	64e8bfba699a3c7d15f1a67f5e4bb4362c6f1c9b56d4e28f9f73a36c7d298924
results/biological_specificity_20260917/composition_PC1_technical_associations.tsv	fd161dd663d1d8382c95612ad9de093c92852a902cbf86e841d67a7465d3db8c
results/biological_specificity_20260917/deletion_feasibility.tsv	9b8c26f58bebe991a55db2d87672818f44e78d227483fb99df1df8447f11dd97
results/biological_specificity_20260917/depth_adjusted_shared_structure.tsv	08eb1b568da7e9b8de4b6ef6ba28e42fa06f2c0691d986d18457037ec3daef2d
results/biological_specificity_20260917/equal_cell_PC1_summary.tsv	1c1c4c99e77f74b340d118b212d35ca52bf8f2b3d036fb3efda8729de5d714b2
results/biological_specificity_20260917/gene_overlap_counts.tsv	8f1ca2c0516df86411a7bb86e9a14eb538b9fec3fec3a96efd0028c44f7f4133
results/biological_specificity_20260917/gene_set_provenance_audit.tsv	879eaad55104ad7e251091f1495d052ba80a4c4469f6f9230d5f1235957fe676
results/biological_specificity_20260917/immune_background_definition.json	c6c21170c75b64e7f0e83da0bfed10e33ddef87398ab11f2eb92300402514303
results/biological_specificity_20260917/immune_background_genes.tsv	ebfedb14b00d707ce97138fecc7d800d64a2258a53c69864af5972ce2b0ccbeb
results/biological_specificity_20260917/matching_diagnostics.tsv	cbb68054d30470a931400eb07457e2a7589c52cab75a7cd1e1de70c6392339a7
results/biological_specificity_20260917/null_summary.tsv	f9a1efe961ad03718130a128d741f994354f01e958c90303f827f18e669082ec
results/biological_specificity_20260917/orthogonal_reference_overlap_audit.tsv	c9e5173072fd6fab720636b9df44298d1586c8682c138d5fcbd8b7d8ca9ba574
results/biological_specificity_20260917/selection_22_vs_5.tsv	c80f1009c969936ed6f5dcde4a0af640237021f1bc1167a4a8f282e980d9e0ba
results/biological_specificity_20260917/shared_rank_variance.tsv	c75b02009aa804e53a0aa34ac6ea1301aeeecfce38628b19b86524c35c522ebf
results/biological_specificity_20260917/specific_component_associations.tsv	89e9912aaf5826ccfa4075ee68a26845ea12baa6b4b0d2926408b10e8def5c75
results/biological_specificity_20260917/ssgsea_equivalence.tsv	fca67ea946adcf532c1477238e54f1bf033a0ef055240e01eb358315f633d0ad
results/biological_specificity_20260917/target_disjoint_reference_coverage.tsv	a1aa917654c6dbbef8bb94781f5022f157ffe5c8b9f31fa2c4db3949e90183b6
results/biological_specificity_20260917/TCGA_coverage.tsv	b2a7339953a20df267bebbb04a27a97ac6acf30a4611ea9b29b1f40a0bd1b1f3
results/biological_specificity_20260917/TCGA_methylation_replication.tsv	1c1993691ed97198bb809435dfa717e3ac9d43dfb737845418f6941b73bd147e
results/ifng6_stability_20260918/adjustment_correlation_matrix.tsv	40089104d6ab8de0b0d3b9929d7543df28c06bcbd512e39ce8d3b6f3aaa69d9b
results/ifng6_stability_20260918/CPTAC_eight_correlations.tsv	cdb865d38a546de02496f29360fbe31cab4c01e48cd67e0a16023700ade45e0f
results/ifng6_stability_20260918/eight_set_abundance_associations.tsv	41524d675077314b6031effd75d04347f7576af76a14ecfbe2658771b80ffb0e
results/ifng6_stability_20260918/eight_set_composition.json	046827504fef99bb733ef55585440a106932737acefebab259ba43290b546ac5
results/ifng6_stability_20260918/eight_set_deletion_summary.tsv	4d571f959e0ad1ae57674f6845726e962070837bc9adda7a041522fbc573c919
results/ifng6_stability_20260918/eight_set_exclusive_coverage.tsv	fd87aab25ee5fce666229c61decfa4320989877e050232d38bedae5e0d844bd9
results/ifng6_stability_20260918/GSE288199_fixed22_eight_correlations.tsv	e8ad10812316d6dab0a4066d8233cdeab75eef96fef15a7498f10e6877ba617e
results/ifng6_stability_20260918/GSE288199_native22_eight_correlations.tsv	bd0a934aa1bc51a56f7e1919d8a7bcbe9d1f623a4e8b5e7cc92428eec7ad541b
results/ifng6_stability_20260918/independent_cohort_audit.json	d21e88cd5674c4c504f795252ac420a02cc67aa60f7d4cbfb52b4d85a52cff63
results/ifng6_stability_20260918/independent_reference_coverage.tsv	2edf0cdb0fe48a4481bd4bceebfcdbe1e3c07ec06f32ffae4a327acda901aed3
results/ifng6_stability_20260918/plan.json	dfc8baa81e5511a32dada4970c6514ad686f5e24fba979a5311a77cd90d4e78a
results/ifng6_stability_20260918/protein_panel_sensitivity.tsv	fb8af4c9d1b762da55f3db523fb1a0078326c6b359e34f452a16b1c8513cd2b3
results/ifng6_stability_20260918/strict_model_diagnostics.json	fa43b86db580bb5f916efa670e61e3d9fec3d99ba5ecfd612e07912be66e664c
results/ifng6_stability_20260918/strict_reference_coverage_variation.tsv	af259fc6a2fa3ff7cc754bf610ee6800a335c277552c553f9f65d884e1b16a53
results/independent_validation_20260915/GSE284162_response_associations.tsv	ded776d8016cc43882eaf9df551101153119b4a54407eed6610f4fbd2daf7c9a
results/published_signature_external_audit/signature_catalog.tsv	abc99757201c3133b86e8846afa6f3411b3fca2812be86b090e175edd843fa0c
results/signature_revision_20260915/incremental/incremental_MAE.tsv	5deae308f80cd03bb884221c6120e10c8e7b86e4fb1788c6e0edfa218780445c
scripts/acquire_independent_validation_data.py	438de7d17f452bd524acf4eb1b330fadd08e5bca373bba53d516651d817a4a09
scripts/analyze_independent_validation.py	7d396e0ea60b93378a2e8313e1dd48e036256a3b851c995f5b8bb44031422972
scripts/analyze_signature_composition.py	5b59d62755574d9933af3c33aa57746ae5c80d075ce237fceae939f925c38f7c
scripts/annotate_cd8_reference.py	659a3b8cc4f19c108a836c1bc33512e0bf595688f3fea082226cc22ca9eb9ff8
scripts/annotate_signature_baseline_missing.py	8a2d5cdb6f99fecc38e089d64c408ebb00c240d46500e439de7a9af6b4551c71
scripts/build_signature_composition_pseudobulk.py	e0fbc7121d31a3be96b910179f380b128b4d88ea1510fbeaefe25e279d78ad77
scripts/build_specificity_provenance.py	e43ffae94d7302bfac0c4c1680182a965dfaaecc5fef9c0cd3fdd69eb181f791
scripts/check_signature_composition_robustness.py	c6c6286fa6dcc30bff05abbdc0bacad4846be70b5c44c9030205fede4295827a
scripts/check_specificity_sensitivity.py	b7448c0b35c052afab8af5b029cb6d208d5533841ceeda346536493849503289
scripts/complete_technical_audit.py	cf34ca5d1f5fddbc48b5f9514d84e40535efef8e2562c21d57f68c86bcf79e29
scripts/diagnose_ifng6_20260918.py	c56ef0a5a8bc5b5dcc6832f680e2b598e055d3ddea329230f9d17d46c9e5d0fd
scripts/download_gencode33.py	95fd235835dd916b68aa230d13215ecbfdffb1d3a068914bc37c3f3c066959ec
scripts/download_independent_candidates.py	dcca4578c0549f1ac13730d90b15f60232c81ea3eba4efc7ebcd3351543f51d1
scripts/download_puram_specificity.py	1827b6a88d3c37abc8621f89e4026f0267c72754bf4bfc012cd581079b57c435
scripts/download_specificity_replication.py	185deccd8f4ff029935ecc349fc68c0081ccf35300c9c0cef4468049b5fbb931
scripts/eight_set_framework_20260918.py	d59edba3aa21f9d43a5509ebf656bc6e10f41c7b2e8c59e4033651ddad2f6642
scripts/evaluate_signature_incremental_value.py	479fcb97e7ab3f34e9113b659fc0745fc172ee9a616530f9ddd6fcbb6120d67b
scripts/finalize_specificity_outputs.py	77d63fea52773a156a74ccdd93c18b69192eda97c66027df4f6dc9b4032e29ef
scripts/independent_ifng6_20260918.py	2bb369eff1eff9d1a890bdcd9652595cb8ee892ac471f2ac60fbd61d65bd6cba
scripts/plot_revision_20260918.py	efd7836e21376eb9973abf0ce5cf52945984dea0cbdd69ee5fd771598d559557
scripts/run_biological_nulls.py	757d2fd8ef8cc4b6648cb5f920c3d75c86d34f096f5dd9061a275f9752008632
scripts/run_equal_cell_specificity.py	6844470d69943bb4ca48e19181bee0e50c2d41716ea99f46b4f735cda57b00c2
scripts/run_puram_lineages.py	fe5c7c7f746b51fa4a45e350cf816a55c4863b70991dec07e34c6786da6228ff
scripts/run_specific_components.py	65bf2d7ec4ce5de6f45c02d2199c4bfdf0d827d3a1eab26bcbec205face0f768
scripts/run_specificity_replication.py	04692b7381e1418774c020389378137ce417f0f15c67df45c7e62b2ee20077aa
scripts/specificity_common.py	e940137e029ee9b16a87b41f9f658d8a5844689bb1a11b7d8ab2e626d6200bfe
scripts/verify_and_export_specificity.py	e5551526fd9deb9b9b074e9ce13caf42c755841e93229c86fd09b8dcade09202
